{"cameraMode":{"drawMode":0,"name":"Shaded","section":"Shading Mode"},"sceneLighting":true,"audioPlay":false,"sceneViewState":{"showFog":true,"showMaterialUpdate":false,"showSkybox":true,"showFlares":true,"showImageEffects":true,"showParticleSystems":true},"in2DMode":false,"pivot":{"x":712.1572265625,"y":-876.701904296875,"z":110.100830078125},"rotation":{"x":0.31974148750305178,"y":0.5687947869300842,"z":-0.25483351945877077,"w":0.7136690020561218},"size":688.3228759765625,"orthographic":false}