{"cameraMode":{"drawMode":0,"name":"Shaded","section":"Shading Mode"},"sceneLighting":true,"audioPlay":false,"sceneViewState":{"showFog":true,"showMaterialUpdate":false,"showSkybox":true,"showFlares":true,"showImageEffects":true,"showParticleSystems":true},"in2DMode":false,"pivot":{"x":403.345703125,"y":-392.0582275390625,"z":667.3204956054688},"rotation":{"x":-0.4031313359737396,"y":-0.08218535035848618,"z":0.03635823726654053,"w":-0.9107531905174255},"size":705.1503295898438,"orthographic":false}