{"cameraMode":{"drawMode":0,"name":"Shaded","section":"Shading Mode"},"sceneLighting":true,"audioPlay":false,"sceneViewState":{"showFog":true,"showMaterialUpdate":false,"showSkybox":true,"showFlares":true,"showImageEffects":true,"showParticleSystems":true},"in2DMode":false,"pivot":{"x":2141.654296875,"y":-989.3671264648438,"z":-2328.05908203125},"rotation":{"x":-0.17743068933486939,"y":-0.03805616870522499,"z":0.006908849347382784,"w":-0.9833884835243225},"size":2402.21044921875,"orthographic":false}