{"cameraMode":{"drawMode":0,"name":"Shaded","section":"Shading Mode"},"sceneLighting":true,"audioPlay":false,"sceneViewState":{"showFog":true,"showMaterialUpdate":false,"showSkybox":true,"showFlares":true,"showImageEffects":true,"showParticleSystems":true},"in2DMode":false,"pivot":{"x":-3.875263214111328,"y":-16.018766403198243,"z":-29.094839096069337},"rotation":{"x":0.02767450362443924,"y":-0.9585190415382385,"z":0.2655957341194153,"w":0.09984346479177475},"size":28.82793426513672,"orthographic":false}