{"cameraMode":{"drawMode":0,"name":"Shaded","section":"Shading Mode"},"sceneLighting":true,"audioPlay":false,"sceneViewState":{"showFog":true,"showMaterialUpdate":false,"showSkybox":true,"showFlares":true,"showImageEffects":true,"showParticleSystems":true},"in2DMode":false,"pivot":{"x":-381.9903259277344,"y":-111.8251953125,"z":59.8908805847168},"rotation":{"x":-0.1547481119632721,"y":0.6658310294151306,"z":-0.14403918385505677,"w":-0.7155723571777344},"size":166.16099548339845,"orthographic":false}