{"cameraMode":{"drawMode":0,"name":"Shaded","section":"Shading Mode"},"sceneLighting":true,"audioPlay":false,"sceneViewState":{"showFog":true,"showMaterialUpdate":false,"showSkybox":true,"showFlares":true,"showImageEffects":true,"showParticleSystems":true},"in2DMode":false,"pivot":{"x":68.31661987304688,"y":-243.3954620361328,"z":79.92530822753906},"rotation":{"x":0.32460862398147585,"y":0.5593655705451965,"z":-0.25221753120422366,"w":0.7198941111564636},"size":159.7060546875,"orthographic":false}