{"cameraMode":{"drawMode":0,"name":"Shaded","section":"Shading Mode"},"sceneLighting":true,"audioPlay":false,"sceneViewState":{"showFog":true,"showMaterialUpdate":false,"showSkybox":true,"showFlares":true,"showImageEffects":true,"showParticleSystems":true},"in2DMode":false,"pivot":{"x":-248.62387084960938,"y":-136.5223388671875,"z":53.64965057373047},"rotation":{"x":-0.2958392798900604,"y":0.6264294981956482,"z":-0.27865779399871828,"w":-0.6651920676231384},"size":108.2178726196289,"orthographic":false}