{"cameraMode":{"drawMode":0,"name":"Shaded","section":"Shading Mode"},"sceneLighting":true,"audioPlay":false,"sceneViewState":{"showFog":true,"showMaterialUpdate":false,"showSkybox":true,"showFlares":true,"showImageEffects":true,"showParticleSystems":true},"in2DMode":false,"pivot":{"x":-267.3509216308594,"y":-32.1993293762207,"z":23.4576358795166},"rotation":{"x":0.08883953839540482,"y":-0.7504723072052002,"z":0.10308774560689926,"w":0.6467395424842835},"size":83.2403335571289,"orthographic":false}