{"cameraMode":{"drawMode":0,"name":"Shaded","section":"Shading Mode"},"sceneLighting":true,"audioPlay":false,"sceneViewState":{"showFog":true,"showMaterialUpdate":false,"showSkybox":true,"showFlares":true,"showImageEffects":true,"showParticleSystems":true},"in2DMode":false,"pivot":{"x":-152.3763885498047,"y":-58.624053955078128,"z":187.47999572753907},"rotation":{"x":0.2685258984565735,"y":-0.5996502637863159,"z":0.22366489470005036,"w":0.7199217677116394},"size":108.50080871582031,"orthographic":false}