{"cameraMode":{"drawMode":0,"name":"Shaded","section":"Shading Mode"},"sceneLighting":true,"audioPlay":false,"sceneViewState":{"showFog":true,"showMaterialUpdate":false,"showSkybox":true,"showFlares":true,"showImageEffects":true,"showParticleSystems":true},"in2DMode":false,"pivot":{"x":-91.3646469116211,"y":-89.93551635742188,"z":-369.1849365234375},"rotation":{"x":-0.020990747958421708,"y":0.9721233248710632,"z":-0.21331438422203065,"w":-0.0956425666809082},"size":148.33758544921876,"orthographic":false}