{"cameraMode":{"drawMode":0,"name":"Shaded","section":"Shading Mode"},"sceneLighting":true,"audioPlay":false,"sceneViewState":{"showFog":true,"showMaterialUpdate":false,"showSkybox":true,"showFlares":true,"showImageEffects":true,"showParticleSystems":true},"in2DMode":false,"pivot":{"x":-303.7459716796875,"y":-47.21287155151367,"z":71.28582763671875},"rotation":{"x":-0.11493465304374695,"y":0.6490298509597778,"z":-0.10010664910078049,"w":-0.7453804612159729},"size":102.57279205322266,"orthographic":false}